epoch,time,train/box_loss,train/cls_loss,train/dfl_loss,metrics/precision(B),metrics/recall(B),metrics/mAP50(B),metrics/mAP50-95(B),val/box_loss,val/cls_loss,val/dfl_loss,lr/pg0,lr/pg1,lr/pg2
1,46.6833,1.84695,4.54071,3.46303,0.00378,1,0.33611,0.17074,1.46138,4.13682,3.25388,0.00024442,0.00024442,0.00024442
2,92.5138,0.73208,3.36871,1.93337,0.70701,0.4,0.30082,0.20232,1.1186,3.54597,2.37004,0.000487576,0.000487576,0.000487576
3,140.465,0.54085,2.75497,1.52578,0.14487,0.68333,0.33717,0.201,1.33139,4.77148,3.31623,0.000718084,0.000718084,0.000718084
